"ExpectedCategory","N","N_exists","F1_hit","F1_correct","AvgRepl_correct","AvgAM_correct","AvgOEMxRef_correct","F1_rich3","F1_rich5","F1_rich10","correct_TP"
"Unknown","4390","4000","0.168","0.168","0.03","0.03","0.01","0","0","0","367"
"<blank>","1000","0","0","0","0","0","0","0","0","0","0"
"Wiring Harness","490","480","0.267","0","0","0","0","0","0","0","0"
"Exterior Mirror","460","460","0.474","0","0","0","0","0","0","0","0"
"Headlight - Front Right","400","400","0.505","0.044","0","0","0","0","0","0","9"
"Shock Absorber - Front","400","400","0.532","0.488","0.09","0.05","0.05","0","0","0","129"
"Headlight - Front Left","380","380","0.492","0.046","0","0","0","0","0","0","9"
"Mirrors","380","330","0.417","0","0","0","0","0","0","0","0"
"Cabin Air Filter","260","260","0.61","0.539","0.15","0.08","0.06","0","0","0","96"
"Brake Pad Set - Front","220","220","0.675","0.675","0.32","0.25","0.07","0.018","0","0","112"
"Oxygen Sensor","200","200","0.635","0.291","0","0","0","0","0","0","34"
"Tail Light - Rear Left","200","200","0.462","0.462","0","0","0","0","0","0","60"
"Tail Light - Rear Right","200","200","0.462","0.462","0","0","0","0","0","0","60"
"Instrument Panel / Dashboard","180","150","0.286","0","0","0","0","0","0","0","0"
"Manual Transmission","180","170","0.462","0","0","0","0","0","0","0","0"
"Radiator","160","160","0.632","0.615","0.17","0.08","0.08","0","0","0","71"
"Power Window Motor - Front","150","150","0.578","0.565","0","0","0","0","0","0","59"
"Glass / Windshield","140","120","0.481","0","0","0","0","0","0","0","0"
"Brake Pad Set - Rear","140","140","0.716","0.716","0.45","0.31","0.14","0.028","0","0","78"
"Weatherstrip & Seal","140","130","0.514","0","0","0","0","0","0","0","0"
"Brake Disc - Rear","130","130","0.693","0.693","0.23","0.12","0.12","0","0","0","69"
"Front Body / Hood","130","90","0.294","0","0","0","0","0","0","0","0"
"Brake Disc - Front","120","120","0.652","0.652","0.14","0.1","0.03","0","0","0","58"
"Ignition System","120","70","0.526","0","0","0","0","0","0","0","0"
"Sensors & Modules","120","90","0.512","0","0","0","0","0","0","0","0"
"Front Differential","120","110","0.338","0","0","0","0","0","0","0","0"
"Sunroof","110","70","0.333","0","0","0","0","0","0","0","0"
"Mouldings & Trim","110","100","0.496","0","0","0","0","0","0","0","0"
"Oil Filter","110","110","0.683","0.642","0.23","0.19","0.04","0.036","0","0","52"
"Fender & Side Body","110","80","0.462","0","0","0","0","0","0","0","0"
"Interior Trim","100","90","0.252","0","0","0","0","0","0","0","0"
"Fuel System","100","60","0.425","0","0","0","0","0","0","0","0"
"Sensors & Control","100","80","0.222","0","0","0","0","0","0","0","0"
"Compressor A/C","100","100","0.4","0","0","0","0","0","0","0","0"
"Battery & Charging","100","70","0.481","0","0","0","0","0","0","0","0"
"Rear Suspension","90","70","0.583","0","0","0","0","0","0","0","0"
"Air Filter","80","80","0.769","0.769","0.44","0.24","0.2","0","0","0","50"
"Water Pump","80","70","0.667","0.409","0","0","0","0","0","0","18"
"Bumper","80","40","0.431","0","0","0","0","0","0","0","0"
"Front Structure","70","30","0.421","0","0","0","0","0","0","0","0"
"Transaxle","70","10","0.476","0","0","0","0","0","0","0","0"
"Thermostat","70","70","0.641","0.108","0","0","0","0","0","0","4"
"Engine Block & Internals","70","60","0.364","0","0","0","0","0","0","0","0"
"Condenser","70","70","0.205","0","0","0","0","0","0","0","0"
"Engine Mounting","70","40","0.377","0","0","0","0","0","0","0","0"
"Lighting - Headlights","60","40","0.462","0","0","0","0","0","0","0","0"
"MAF Sensor","60","60","0.667","0","0","0","0","0","0","0","0"
"Tie Rod","60","60","0.462","0","0","0","0","0","0","0","0"
"Intake & Exhaust Manifold","60","40","0.644","0","0","0","0","0","0","0","0"
"Tailgate / Liftgate","60","0","0","0","0","0","0","0","0","0","0"
"A/C Hose & Pipe","60","60","0.125","0","0","0","0","0","0","0","0"
"Steering Column & Gear","60","30","0.462","0.286","0","0","0","0","0","0","5"
"Rear Body / Trunk","60","40","0.491","0","0","0","0","0","0","0","0"
"Lighting - Interior","60","40","0","0","0","0","0","0","0","0","0"
"Air Bag System","60","50","0.305","0","0","0","0","0","0","0","0"
"Cylinder Head & Valvetrain","60","20","0.563","0","0","0","0","0","0","0","0"
"Battery","60","40","0.491","0","0","0","0","0","0","0","0"
"Seats","50","20","0","0","0","0","0","0","0","0","0"
"Starter & Charging","50","20","0.516","0","0","0","0","0","0","0","0"
"Clutch","50","20","0.296","0.296","0","0","0","0","0","0","4"
"Brakes","50","50","0.413","0","0","0","0","0","0","0","0"
"Transfer Case / 4WD","50","40","0.571","0","0","0","0","0","0","0","0"
"Audio & Display","50","20","0","0","0","0","0","0","0","0","0"
"Oil Pan","50","50","0.63","0","0","0","0","0","0","0","0"
"ABS / ESC","40","20","0.571","0","0","0","0","0","0","0","0"
"Shock Absorber (Front)","40","40","0.491","0.261","0","0","0","0","0","0","6"
"Front Drive Shaft","40","40","0.261","0","0","0","0","0","0","0","0"
"Drive Shaft / CV Joint","40","30","0.636","0","0","0","0","0","0","0","0"
"Auto Transmission Control","40","30","0.462","0","0","0","0","0","0","0","0"
"Transfer Case","40","30","0.571","0","0","0","0","0","0","0","0"
"Exhaust Manifold","40","30","0.286","0","0","0","0","0","0","0","0"
"Crankshaft & Bearings","40","40","0.519","0","0","0","0","0","0","0","0"
"Front Brake Caliper","40","20","0.606","0.231","0","0","0","0","0","0","3"
"Wiper System","30","20","0.4","0","0","0","0","0","0","0","0"
"Roof Panel","30","0","0","0","0","0","0","0","0","0","0"
"Front Suspension","30","10","0.7","0","0","0","0","0","0","0","0"
"Front Axle","30","0","0","0","0","0","0","0","0","0","0"
"Rear Axle & Differential","30","0","0","0","0","0","0","0","0","0","0"
"Window Regulator","30","10","0","0","0","0","0","0","0","0","0"
"Exhaust System","30","20","0.462","0","0","0","0","0","0","0","0"
"Tail Light Assembly","30","30","0.636","0","0","0","0","0","0","0","0"
"Frame & Cross Members","30","0","0","0","0","0","0","0","0","0","0"
"Air Conditioning & Heating","30","20","0.621","0.261","0","0","0","0","0","0","3"
"Floor & Underbody","30","10","0.556","0","0","0","0","0","0","0","0"
"Wheel & Hub","30","0","0","0","0","0","0","0","0","0","0"
"Turbo / Supercharger","30","10","0.571","0","0","0","0","0","0","0","0"
"Brake Fluid Reservoir","20","20","0.4","0","0","0","0","0","0","0","0"
"Alternator","20","0","0","0","0","0","0","0","0","0","0"
"Coolant Hose","20","10","0.667","0","0","0","0","0","0","0","0"
"Starter Motor","20","20","0.333","0","0","0","0","0","0","0","0"
"Transmission Control","20","0","0","0","0","0","0","0","0","0","0"
"Shock Absorber - Rear","20","20","0.667","0.667","0.3","0.3","0","0","0","0","10"
"Window Regulator - Front","20","20","0.667","0","0","0","0","0","0","0","0"
"Wheels & Tires","20","20","0.621","0","0","0","0","0","0","0","0"
"Automatic Transmission","20","20","0.621","0","0","0","0","0","0","0","0"
"Fuel Injector","20","10","0.667","0","0","0","0","0","0","0","0"
"Power Steering","20","0","0","0","0","0","0","0","0","0","0"
"Rear Structure","20","0","0","0","0","0","0","0","0","0","0"
"Headlight Assembly","20","20","0.71","0","0","0","0","0","0","0","0"
"Door Lock & Handle","20","0","0","0","0","0","0","0","0","0","0"
"Front Brake Pad / Disc","20","20","0.571","0","0","0","0","0","0","0","0"
"Quarter Panel","20","10","0.571","0","0","0","0","0","0","0","0"
"Fog Light","20","10","0.462","0.462","0","0","0","0","0","0","3"
"EGR & Emissions","20","0","0","0","0","0","0","0","0","0","0"
"Wiper Blades","10","0","0","0","0","0","0","0","0","0","0"
"Fuel Filter","10","10","0.667","0.667","0","0","0","0","0","0","5"
"Heater Core","10","10","0","0","0","0","0","0","0","0","0"
"Front Door","10","10","0","0","0","0","0","0","0","0","0"
"Evaporator","10","10","0.462","0","0","0","0","0","0","0","0"
"Oil Filter Element","10","10","0.667","0.667","0.4","0.4","0","0","0","0","5"
"Oil Pressure Sensor","10","10","0.667","0.667","0","0","0","0","0","0","5"
"Oil System / Filters","10","0","0","0","0","0","0","0","0","0","0"
"Cylinder Block","10","0","0","0","0","0","0","0","0","0","0"
"Parking Brake","10","10","0.571","0","0","0","0","0","0","0","0"
"Cooling System","10","0","0","0","0","0","0","0","0","0","0"
"Thermostat & Housing","10","10","0.571","0","0","0","0","0","0","0","0"
"Back Door / Hatch","10","0","0","0","0","0","0","0","0","0","0"
"Propeller Shaft","10","0","0","0","0","0","0","0","0","0","0"
"Rear Axle","10","10","0","0","0","0","0","0","0","0","0"
"Sub-Frame","10","0","0","0","0","0","0","0","0","0","0"
"Rear Brake / Drum","10","10","0.667","0","0","0","0","0","0","0","0"
"Rear Door","10","0","0","0","0","0","0","0","0","0","0"
"Shock Absorber (Rear)","10","10","0.462","0","0","0","0","0","0","0","0"
"Fuel Pump","10","10","0.667","0","0","0","0","0","0","0","0"
"Engine Control Unit (ECU)","10","0","0","0","0","0","0","0","0","0","0"
"Intake Manifold","10","10","0.667","0.667","0","0","0","0","0","0","5"
